Parameter,Value
N,8.09897
T,4.51895
tau,3.63159
sigma,0.258871
B_max,7.81942
tspan,"[971, 1899]"
dt,0.01
