Parameter,Value
N,5.27127
T,2.03644
tau,3.68423
sigma,0.254666
B_max,11.0162
tspan,"[971, 1899]"
dt,0.01
