Parameter,Value
N,13.3936
T,8.85689
tau,2.73096
sigma,0.292263
B_max,6.17772
tspan,"[971, 1899]"
dt,0.01
